<!-- WSUG Appendix Protocols -->
<!-- $Id: WSUG_app_protocols.xml 18257 2006-05-30 20:49:45Z gerald $ -->

<appendix id="AppProtocols">
  <title>Protocols and Protocol Fields</title>
  <para>
  	Wireshark distinguishes between protocols (e.g. tcp) and protocol fields 
	(e.g. tcp.port).
  </para>
    <para>
	 A comprehensive list of all protocols and protocol fields can be found 
	at: <ulink url="&WiresharkProtocolsPage;">&WiresharkProtocolsPage;</ulink>	
    </para>
</appendix>
<!-- End of WSUG Appendix Protocols -->
