<?xml version="1.0" encoding="UTF-8"?>
<!-- $Id: TGPPSh.xml 36934 2011-04-28 14:22:18Z etxrab $ -->

	<application id="16777217" name="3GPP Sh" uri="http://webapp.etsi.org/exchangefolder/ts_129329v060600p.pdf">
	<!-- 3GPP TS 29.329 version 6.6.0 Release 6, ETSI TS 129 329 V6.6.0 (2005-09)-->
	<!-- Note: The AVP codes from 709 to799 are reserved for TS 29.329. -->

		<!-- 3GPP Sh Application -->
		<command name="User-Data"				code="306" vendor-id="TGPP"/>
		<command name="Profile-Update"			code="307" vendor-id="TGPP"/>
		<command name="Subscribe-Notifications"		code="308" vendor-id="TGPP"/>
		<command name="Push-Notification"			code="309" vendor-id="TGPP"/>

		<!-- ************************** 3GPP Sh AVPS ********************* -->
		<avp name="User-Identity" code="700" mandatory="must" vendor-bit="must" vendor-id="TGPP" may-encrypt="no">
      <grouped>
        <gavp name="Public-Identity"/>
        <gavp name="MSISDN"/>
      </grouped>
		</avp>
		<avp name="MSISDN" code="701" mandatory="must" vendor-bit="must" vendor-id="TGPP" may-encrypt="no">
			<type type-name="OctetString"/>
		</avp>
		<avp name="User-Data" code="702" mandatory="must" vendor-bit="must" vendor-id="TGPP" may-encrypt="no">
			<type type-name="OctetString"/>
		</avp>
		<avp name="Data-Reference" code="703" mandatory="must" vendor-bit="must" vendor-id="TGPP" may-encrypt="no">
			<type type-name="Unsigned32"/>
      <enum name="RepositoryData" code="0"/>
      <enum name="Undefined" code="1"/>
      <enum name="Undefined" code="2"/>
      <enum name="Undefined" code="3"/>
      <enum name="Undefined" code="4"/>
      <enum name="Undefined" code="5"/>
      <enum name="Undefined" code="6"/>
      <enum name="Undefined" code="7"/>
      <enum name="Undefined" code="8"/>
      <enum name="Undefined" code="9"/>
      <enum name="IMSPublicIdentity" code="10"/>
      <enum name="IMSUserState" code="11"/>
      <enum name="S-CSCFName" code="12"/>
      <enum name="InitialFilterCriteria" code="13"/>
      <enum name="LocationInformation" code="14"/>
      <enum name="UserState" code="15"/>
      <enum name="ChargingInformation" code="16"/>
      <enum name="MSISDN" code="17"/>
      <enum name="PSIActivation" code="18"/>
      <enum name="DSAI" code="19"/>
      <enum name="Reserved" code="20"/>
      <enum name="ServiceLevelTraceInfo" code="21"/>
      <enum name="IPAddressSecureBindingInformation" code="22"/>
      <enum name="ServicePriorityLevel" code="23"/>
      <enum name="SMSRegistrationInfo" code="24"/>
      <enum name="UEReachabilityForIP" code="25"/>
      <enum name="TADSinformation" code="26"/>
    </avp>
		<avp name="Service-Indication" code="704" mandatory="must" vendor-bit="mustnot" vendor-id="TGPP" may-encrypt="no">
			<type type-name="OctetString"/>
		</avp>
		<avp name="Subs-Req-Type" code="705" mandatory="must" vendor-bit="must" vendor-id="TGPP" may-encrypt="no">
			<type type-name="Unsigned32"/>
      <enum name="Subscribe" code="0"/>
      <enum name="Unsubscribe" code="1"/>
		</avp>
		<avp name="Requested-Domain" code="706" mandatory="must" vendor-bit="must" vendor-id="TGPP" may-encrypt="no">
			<type type-name="Unsigned32"/>
      <enum name="CS-Domain" code="0"/>
      <enum name="PS-Domain" code="1"/>
		</avp>
		<avp name="Current-Location" code="707" mandatory="must" vendor-bit="must" vendor-id="TGPP" may-encrypt="no">
			<type type-name="Unsigned32"/>
      <enum name="DoNotNeedInitiateActiveLocationRetrieval" code="0"/>
      <enum name="InitiateActiveLocationRetrieval" code="1"/>
		</avp>
		<avp name="Identity-Set" code="708" mandatory="must" vendor-bit="must" vendor-id="TGPP" may-encrypt="no">
			<type type-name="Unsigned32"/>
      <enum name="ALL_IDENTITIES" code="0"/>
      <enum name="REGISTERED_IDENTITIES" code="1"/>
      <enum name="IMPLICIT_IDENTITIES" code="2"/>
      <enum name="ALIAS_IDENTITIES" code="3"/>
    </avp>
		<avp name="Expiry-Time" code="709" mandatory="must" vendor-bit="must" vendor-id="TGPP" may-encrypt="no">
      <type type-name="Time"/>
    </avp>
		<avp name="Send-Data-Indication" code="710" mandatory="must" vendor-bit="must" vendor-id="TGPP" may-encrypt="no">
      <type type-name="Enumerated"/>
    </avp>
		<avp name="DSAI-Tag" code="711" mandatory="must" vendor-bit="must" vendor-id="TGPP" may-encrypt="no">
      <type type-name="OctetString"/>
    </avp>
    <avp name="One-Time-Notification" code="713" mandatory="must" may-encrypt="yes" protected="may" vendor-bit="must" vendor-id="TGPP">
      <type type-name="Enumerated"/>
      <enum name="ONE_TIME_NOTIFICATION_REQUESTED" code="0"/>
    </avp>
    <avp name="Requested-Nodes" code="714" mandatory="must" vendor-bit="must" vendor-id="TGPP" may-encrypt="no">
      <type type-name="Unsigned32"/>
    </avp>
<!-- 
715	Repository-Data-ID	Grouped
716	Sequence-Number	Unsigned32
-->
    <!-- Note: The AVP codes from 715 to799 are reserved for TS 29.329. -->
		<!-- ************************ END 3GPP Sh AVPS ******************* -->

	</application>
