<!-- $Id: WSDG_meta_info.xml 18471 2006-06-15 14:09:05Z ulfl $ -->

<bookinfo>
  <title><inlinegraphic entityref="WiresharkLogo" valign="middle" format="PNG"/> &DocumentTitle;</title>
  <subtitle>&DocumentSubTitle;</subtitle>
  <authorgroup>
    <author><firstname>&AuthorFirstName;</firstname><surname>&AuthorSurname;</surname>
      <affiliation><orgname>&AuthorOrgName;</orgname></affiliation>
    </author>
  </authorgroup>
  <!--<edition>&DocumentEdition;</edition>
  <pubdate>&DocumentPubDate;</pubdate>-->
  <copyright><year>&DocumentCopyrightYear;</year>
    <holder>&DocumentCopyrightHolder;</holder>
  </copyright>

<legalnotice>
  &DocumentLegalNotice;
</legalnotice>

</bookinfo>
